accuracy,f1,precision,recall
0.8574738514497551,0.8559153573147171,0.8592974193951082,0.8574738514497551
