accuracy,f1,precision,recall
0.8551899907321594,0.8536930166763166,0.857785138373396,0.8551899907321594
